{"centro_x": 329.25, "centro_y": 241.5, "Escala_x": 0.0006651884700665188, "Escala_y": 0.0006479481641468683, "x_min": 147, "x_max": 504, "y_min": 52, "y_max": 420, "u_1": 120, "u_2": 315, "u_gris": 210, "u_area": 2000}