{"centro_x": 340.75, "centro_y": 219.0, "Escala_x": 0.000821917808219178, "Escala_y": 0.0007999999999999999, "x_min": 173, "x_max": 490, "y_min": 54, "y_max": 395, "u_1": 120, "u_2": 315, "u_gris": 208, "u_area": 2000}