{"centro_x": 366.5, "centro_y": 228.5, "Escala_x": 0.0007407407407407407, "Escala_y": 0.0006976744186046512, "x_min": 199, "x_max": 547, "y_min": 52, "y_max": 389, "u_1": 120, "u_2": 315, "u_gris": 200, "u_area": 2000}