{"centro_x": 349.25, "centro_y": 225.0, "Escala_x": 0.0008287292817679558, "Escala_y": 0.0007712082262210796, "x_min": 199, "x_max": 493, "y_min": 68, "y_max": 378, "u_1": 120, "u_2": 315, "u_gris": 202, "u_area": 2000}