{"centro_x": 364.25, "centro_y": 241.25, "Escala_x": 0.0006756756756756756, "Escala_y": 0.0006681514476614699, "x_min": 185, "x_max": 550, "y_min": 58, "y_max": 404, "u_1": 120, "u_2": 211, "u_gris": 181, "u_area": 2000}