{"centro_x": 373.5, "centro_y": 244.25, "Escala_x": 0.0008450704225352112, "Escala_y": 0.0007633587786259542, "x_min": 202, "x_max": 539, "y_min": 63, "y_max": 422, "u_1": 120, "u_2": 315, "u_gris": 189, "u_area": 2000}
